{
  "imdata" : [{
      "firmwareCtrlrRunning" : {
        "attributes" : {
          "instanceId" : "0:0",
          "applId" : "3",
          "childAction" : "",
          "dn" : "Ctrlrfwstatuscont/ctrlrrunning-3",
          "lcOwn" : "local",
          "replTs" : "never",
          "rn" : "",
          "status" : "",
          "ts" : "2012-12-31T16:00:00.000",
          "type" : "ifc",
          "version" : "1.1"
        }
      }
    }, {
      "firmwareCtrlrRunning" : {
        "attributes" : {
          "instanceId" : "0:0",
          "applId" : "1",
          "childAction" : "",
          "dn" : "ctrlrfwstatuscont/ctrlrrunning-1",
          "lcOwn" : "local",
          "replTs" : "never",
          "rn" : "",
          "status" : "",
          "ts" : "2012-12-31T16:00:00.000",
          "type" : "ifc",
          "version" : "1.1"
        }
      }
    }, {
      "firmwareCtrlrRunning" : {
        "attributes" : {
          "instanceId" : "0:0",
          "applId" : "2",
          "childAction" : "",
          "dn" : "ctrlrfwstatuscont/ctrlrrunning-2",
          "lcOwn" : "local",
          "replTs" : "never",
          "rn" : "",
          "status" : "",
          "ts" : "2012-12-31T16:00:00.000",
          "type" : "ifc",
          "version" : "1.1"
        }
      }
    }
  ]
}